"";"igralci";"odigrane.tekme";"streli";"goli";"asistence";"tocke";"igralni.položaj";"datum.rojstva";"višina";"procent.strela"
"1";"Aaron Ekblad";81;170;12;27;39;"D";"1996-02-07";76;7,05882352941176
"2";"Adam Burish";20;22;1;2;3;"R";"1983-01-06";73;4,54545454545455
"3";"Adam Clendening";21;17;1;3;4;"D";"1992-10-26";72;5,88235294117647
"4";"Adam Cracknell";17;17;0;1;1;"R";"1985-07-15";74;0
"5";"Adam Henrique";75;127;16;27;43;"L";"1990-02-06";72;12,5984251968504
"6";"Adam Larsson";64;91;3;21;24;"D";"1992-11-12";75;3,2967032967033
"7";"Adam Lowry";80;104;11;12;23;"C";"1993-03-29";77;10,5769230769231
"8";"Adam McQuaid";63;60;1;6;7;"D";"1986-10-12";76;1,66666666666667
"9";"Adam Pardy";55;29;0;9;9;"D";"1984-03-29";76;0
"10";"Alec Martinez";56;103;6;16;22;"D";"1987-07-26";73;5,8252427184466
"11";"Aleksander Barkov";71;123;16;20;36;"C";"1995-09-02";75;13,0081300813008
"12";"Ales Hemsky";76;140;11;21;32;"R";"1983-08-13";72;7,85714285714286
"13";"Alex Chiasson";76;105;11;15;26;"R";"1990-10-01";75;10,4761904761905
"14";"Alex Galchenyuk";80;163;20;26;46;"C";"1994-02-12";73;12,2699386503067
"15";"Alex Goligoski";81;122;4;32;36;"D";"1985-07-30";71;3,27868852459016
"16";"Alex Killorn";71;130;15;23;38;"C";"1989-09-14";74;11,5384615384615
"17";"Alex Ovechkin";81;395;53;28;81;"L";"1985-09-17";75;13,4177215189873
"18";"Alex Petrovic";33;29;0;3;3;"D";"1992-03-03";76;0
"19";"Alex Pietrangelo";81;195;7;39;46;"D";"1990-01-18";75;3,58974358974359
"20";"Alex Tanguay";80;104;22;33;55;"L";"1979-11-21";73;21,1538461538462
"21";"Alexander Edler";74;175;8;23;31;"D";"1986-04-21";75;4,57142857142857
"22";"Alexander Semin";57;93;6;13;19;"R";"1984-03-03";74;6,45161290322581
"23";"Alexander Steen";74;223;24;40;64;"L";"1984-03-01";71;10,762331838565
"24";"Alexander Wennberg";68;85;4;16;20;"C";"1994-09-22";73;4,70588235294118
"25";"Alexandre Burrows";70;145;18;15;33;"R";"1981-04-11";73;12,4137931034483
"26";"Alexei Emelin";68;43;3;11;14;"D";"1986-04-25";74;6,97674418604651
"27";"Anders Lee";76;197;25;16;41;"L";"1990-07-03";75;12,6903553299492
"28";"Andre Benoit";59;45;1;8;9;"D";"1984-01-06";71;2,22222222222222
"29";"Andre Burakovsky";53;65;9;13;22;"L";"1995-02-09";75;13,8461538461538
"30";"Andrei Markov";81;135;10;40;50;"D";"1978-12-20";72;7,40740740740741
"31";"Andrej Meszaros";60;67;7;7;14;"D";"1985-10-13";74;10,4477611940298
"32";"Andrej Nestrasil";54;82;7;13;20;"C";"1991-02-22";75;8,53658536585366
"33";"Andrej Sekera";73;100;3;20;23;"D";"1986-06-08";72;3
"34";"Andrej Sustr";72;55;0;13;13;"D";"1990-11-29";79;0
"35";"Andrew Campbell";33;28;0;1;1;"D";"1988-02-04";76;0
"36";"Andrew Cogliano";82;134;15;14;29;"L";"1987-06-14";70;11,1940298507463
"37";"Andrew Desjardins";69;59;5;5;10;"L";"1986-07-27";73;8,47457627118644
"38";"Andrew Ebbett";24;21;1;5;6;"C";"1983-01-02";69;4,76190476190476
"39";"Andrew Ference";70;58;3;11;14;"D";"1979-03-17";71;5,17241379310345
"40";"Andrew Ladd";81;224;24;38;62;"L";"1985-12-12";75;10,7142857142857
"41";"Andrew MacDonald";58;62;2;10;12;"D";"1986-09-07";73;3,2258064516129
"42";"Andrew Shaw";79;146;15;11;26;"R";"1991-07-20";71;10,2739726027397
"43";"Andy Andreoff";18;14;2;1;3;"L";"1991-05-17";73;14,2857142857143
"44";"Andy Greene";82;83;3;19;22;"D";"1982-10-30";71;3,6144578313253
"45";"Anthony Duclair";18;18;1;6;7;"L";"1995-08-26";71;5,55555555555556
"46";"Anthony Peluso";49;23;1;1;2;"R";"1989-04-18";75;4,34782608695652
"47";"Antoine Roussel";80;113;13;12;25;"L";"1989-11-21";72;11,5044247787611
"48";"Antoine Vermette";82;109;13;25;38;"C";"1982-07-20";73;11,9266055045872
"49";"Anton Lander";38;61;6;14;20;"C";"1991-04-24";72;9,83606557377049
"50";"Anton Stralman";82;138;9;30;39;"D";"1986-08-01";71;6,52173913043478
"51";"Anton Volchenkov";46;35;0;7;7;"D";"1982-02-25";73;0
"52";"Anze Kopitar";79;134;16;48;64;"C";"1987-08-24";75;11,9402985074627
"53";"Artem Anisimov";52;88;7;20;27;"C";"1988-05-24";76;7,95454545454545
"54";"B.J. Crombeen";58;43;3;3;6;"R";"1985-07-10";74;6,97674418604651
"55";"Barclay Goodrow";60;68;4;8;12;"R";"1993-02-26";74;5,88235294117647
"56";"Barret Jackman";80;86;2;13;15;"D";"1981-03-05";72;2,32558139534884
"57";"Beau Bennett";49;81;4;8;12;"R";"1991-11-27";74;4,93827160493827
"58";"Ben Chiarot";40;37;2;6;8;"D";"1991-05-09";75;5,40540540540541
"59";"Ben Lovejoy";60;86;2;12;14;"D";"1984-02-20";73;2,32558139534884
"60";"Ben Smith";80;92;7;7;14;"R";"1988-07-11";71;7,60869565217391
"61";"Benoit Pouliot";58;105;19;15;34;"L";"1986-09-29";75;18,0952380952381
"62";"Blake Comeau";61;147;16;15;31;"L";"1986-02-18";73;10,8843537414966
"63";"Blake Wheeler";79;244;26;35;61;"R";"1986-08-31";77;10,655737704918
"64";"Bo Horvat";68;93;13;12;25;"C";"1995-04-05";72;13,9784946236559
"65";"Bobby Ryan";78;221;18;36;54;"R";"1987-03-17";74;8,1447963800905
"66";"Boone Jenner";31;83;9;8;17;"C";"1993-06-15";74;10,8433734939759
"67";"Boyd Gordon";68;65;6;7;13;"C";"1983-10-19";72;9,23076923076923
"68";"Brad Boyes";78;151;14;24;38;"R";"1982-04-17";72;9,27152317880795
"69";"Brad Malone";65;65;7;8;15;"C";"1989-05-20";74;10,7692307692308
"70";"Brad Marchand";77;180;24;18;42;"L";"1988-05-11";69;13,3333333333333
"71";"Brad Richards";76;199;12;25;37;"C";"1980-05-02";72;6,03015075376884
"72";"Brad Richardson";45;66;8;13;21;"R";"1985-02-04";72;12,1212121212121
"73";"Brad Stuart";65;64;3;10;13;"D";"1979-11-06";74;4,6875
"74";"Brandon Bollig";62;67;1;4;5;"L";"1987-01-31";74;1,49253731343284
"75";"Brandon Dubinsky";47;100;13;23;36;"C";"1986-04-29";74;13
"76";"Brandon Gormley";27;39;2;2;4;"D";"1992-02-18";74;5,12820512820513
"77";"Brandon Kozun";20;8;2;2;4;"R";"1990-03-08";68;25
"78";"Brandon McMillan";58;51;1;3;4;"L";"1990-03-22";71;1,96078431372549
"79";"Brandon Pirri";49;143;22;2;24;"C";"1991-04-10";72;15,3846153846154
"80";"Brandon Prust";82;78;4;14;18;"L";"1984-03-16";72;5,12820512820513
"81";"Brandon Saad";82;203;23;29;52;"L";"1992-10-27";73;11,3300492610837
"82";"Brandon Sutter";80;180;21;12;33;"C";"1989-02-14";75;11,6666666666667
"83";"Brayden McNabb";71;74;2;22;24;"D";"1991-01-21";76;2,7027027027027
"84";"Brayden Schenn";82;156;18;29;47;"C";"1991-08-22";73;11,5384615384615
"85";"Braydon Coburn";43;46;1;10;11;"D";"1985-02-27";77;2,17391304347826
"86";"Brendan Gallagher";82;254;24;23;47;"R";"1992-05-06";69;9,44881889763779
"87";"Brendan Smith";76;88;4;9;13;"D";"1989-02-08";74;4,54545454545455
"88";"Brenden Dillon";80;91;2;8;10;"D";"1990-11-13";76;2,1978021978022
"89";"Brenden Morrow";70;28;3;5;8;"L";"1979-01-16";71;10,7142857142857
"90";"Brent Burns";82;245;17;43;60;"D";"1985-03-09";77;6,93877551020408
"91";"Brent Seabrook";82;181;8;23;31;"D";"1985-04-20";75;4,41988950276243
"92";"Brett Bellemore";49;26;2;8;10;"D";"1988-06-25";76;7,69230769230769
"93";"Brett Connolly";55;83;12;5;17;"R";"1992-05-02";74;14,4578313253012
"94";"Brett Ritchie";31;78;6;3;9;"R";"1993-07-01";75;7,69230769230769
"95";"Brian Boyle";82;140;15;9;24;"C";"1984-12-18";79;10,7142857142857
"96";"Brian Campbell";82;118;3;24;27;"D";"1979-05-23";70;2,54237288135593
"97";"Brian Flynn";63;82;5;12;17;"C";"1988-07-26";73;6,09756097560976
"98";"Brian Gibbons";25;21;0;5;5;"C";"1988-02-26";68;0
"99";"Brian Gionta";69;153;13;22;35;"R";"1979-01-18";67;8,49673202614379
"100";"Brian Strait";52;59;2;5;7;"D";"1988-01-04";73;3,38983050847458
"101";"Brock Nelson";82;190;20;22;42;"C";"1991-10-15";75;10,5263157894737
"102";"Brooks Laich";66;106;7;13;20;"C";"1983-06-23";74;6,60377358490566
"103";"Brooks Orpik";78;66;0;19;19;"D";"1980-09-26";74;0
"104";"Bryan Bickell";80;113;14;14;28;"L";"1986-03-09";76;12,3893805309735
"105";"Bryan Little";70;148;24;28;52;"C";"1987-11-12";72;16,2162162162162
"106";"Cal Clutterbuck";76;124;7;9;16;"R";"1987-11-18";71;5,64516129032258
"107";"Calle Jarnkrok";74;95;7;11;18;"C";"1991-09-25";71;7,36842105263158
"108";"Calvin de Haan";65;92;1;11;12;"D";"1991-05-09";73;1,08695652173913
"109";"Cam Atkinson";78;212;22;18;40;"R";"1989-06-05";68;10,377358490566
"110";"Cam Fowler";80;87;7;27;34;"D";"1991-12-05";73;8,04597701149425
"111";"Carl Gunnarsson";61;54;2;10;12;"D";"1986-11-09";74;3,7037037037037
"112";"Carl Hagelin";82;185;17;18;35;"L";"1988-08-23";71;9,18918918918919
"113";"Carl Soderberg";82;163;13;31;44;"C";"1985-10-12";75;7,97546012269939
"114";"Carlo Colaiacovo";33;42;2;6;8;"D";"1983-01-27";73;4,76190476190476
"115";"Casey Cizikas";70;90;9;9;18;"C";"1991-02-27";71;10
"116";"Cedric Paquette";64;91;12;7;19;"C";"1993-08-13";73;13,1868131868132
"117";"Charlie Coyle";82;120;11;24;35;"C";"1992-03-02";75;9,16666666666667
"118";"Chris Butler";33;54;3;6;9;"D";"1986-10-27";73;5,55555555555556
"119";"Chris Higgins";77;171;12;24;36;"L";"1983-06-02";72;7,01754385964912
"120";"Chris Kelly";80;112;7;21;28;"C";"1980-11-11";72;6,25
"121";"Chris Kreider";80;180;21;25;46;"L";"1991-04-30";75;11,6666666666667
"122";"Chris Kunitz";74;170;17;23;40;"L";"1979-09-26";72;10
"123";"Chris Neil";38;23;4;3;7;"R";"1979-06-18";73;17,3913043478261
"124";"Chris Phillips";36;29;0;3;3;"D";"1978-03-09";75;0
"125";"Chris Porter";24;24;1;1;2;"L";"1984-05-29";73;4,16666666666667
"126";"Chris Stewart";81;155;14;22;36;"R";"1987-10-30";74;9,03225806451613
"127";"Chris Summers";20;15;0;3;3;"D";"1988-02-05";74;0
"128";"Chris Terry";57;71;11;9;20;"L";"1989-04-07";70;15,4929577464789
"129";"Chris Thorburn";81;67;7;7;14;"R";"1983-06-03";75;10,4477611940298
"130";"Chris Tierney";43;48;6;15;21;"C";"1994-07-01";72;12,5
"131";"Chris VandeVelde";72;70;9;6;15;"C";"1987-03-15";74;12,8571428571429
"132";"Christian Ehrhoff";49;110;3;11;14;"D";"1982-07-06";74;2,72727272727273
"133";"Christian Folin";40;39;2;8;10;"D";"1991-02-09";75;5,12820512820513
"134";"Christian Thomas";18;26;1;0;1;"L";"1992-05-26";69;3,84615384615385
"135";"Christopher Tanev";70;53;2;18;20;"D";"1989-12-20";74;3,77358490566038
"136";"Clarke MacArthur";62;140;16;20;36;"L";"1985-04-06";72;11,4285714285714
"137";"Claude Giroux";81;279;25;48;73;"C";"1988-01-12";71;8,96057347670251
"138";"Clayton Stoner";69;68;1;7;8;"D";"1985-02-19";76;1,47058823529412
"139";"Cody Ceci";81;130;5;16;21;"D";"1993-12-21";75;3,84615384615385
"140";"Cody Eakin";78;142;19;21;40;"C";"1991-05-24";72;13,3802816901408
"141";"Cody Franson";78;127;7;29;36;"D";"1987-08-08";77;5,51181102362205
"142";"Cody Goloubef";36;23;0;9;9;"D";"1989-11-30";73;0
"143";"Cody Hodgson";78;127;6;7;13;"C";"1990-02-18";72;4,7244094488189
"144";"Cody McCormick";33;31;1;3;4;"C";"1983-04-18";74;3,2258064516129
"145";"Cody McLeod";82;94;7;5;12;"L";"1984-06-26";74;7,4468085106383
"146";"Colin Greening";26;39;1;0;1;"L";"1986-03-09";74;2,56410256410256
"147";"Colin McDonald";18;29;2;6;8;"R";"1984-09-30";74;6,89655172413793
"148";"Colin Wilson";77;172;20;22;42;"L";"1989-10-20";73;11,6279069767442
"149";"Colton Sceviour";71;113;9;17;26;"C";"1989-04-20";72;7,9646017699115
"150";"Connor Murphy";73;72;4;3;7;"D";"1993-03-26";76;5,55555555555556
"151";"Corey Perry";67;193;33;22;55;"R";"1985-05-16";75;17,0984455958549
"152";"Corey Tropp";61;22;1;7;8;"R";"1989-07-25";72;4,54545454545455
"153";"Craig Adams";70;51;1;6;7;"R";"1977-04-26";72;1,96078431372549
"154";"Craig Cunningham";51;54;3;4;7;"L";"1990-09-13";70;5,55555555555556
"155";"Craig Smith";82;252;23;21;44;"R";"1989-09-05";73;9,12698412698413
"156";"Curtis Glencross";71;108;13;22;35;"L";"1982-12-28";73;12,037037037037
"157";"Curtis Lazar";67;92;6;9;15;"R";"1995-02-02";72;6,52173913043478
"158";"Curtis McKenzie";36;41;4;1;5;"L";"1991-02-22";74;9,75609756097561
"159";"Dainius Zubrus";74;72;4;6;10;"C";"1978-06-16";77;5,55555555555556
"160";"Dale Weise";79;91;10;19;29;"R";"1988-08-05";74;10,989010989011
"161";"Dalton Prout";63;64;0;8;8;"D";"1990-03-13";75;0
"162";"Damien Brunner";17;29;2;5;7;"R";"1986-03-09";71;6,89655172413793
"163";"Damon Severson";51;93;5;12;17;"D";"1994-08-07";74;5,37634408602151
"164";"Dan Boyle";65;116;9;11;20;"D";"1976-07-12";71;7,75862068965517
"165";"Dan Girardi";82;111;4;16;20;"D";"1984-04-29";73;3,6036036036036
"166";"Dan Hamhuis";59;82;1;22;23;"D";"1982-12-13";73;1,21951219512195
"167";"Daniel Briere";57;69;8;4;12;"C";"1977-10-06";69;11,5942028985507
"168";"Daniel Carcillo";39;42;4;4;8;"L";"1985-01-28";72;9,52380952380952
"169";"Daniel Cleary";17;17;1;1;2;"R";"1978-12-18";73;5,88235294117647
"170";"Daniel Paille";71;66;6;7;13;"L";"1984-04-15";73;9,09090909090909
"171";"Daniel Sedin";82;226;20;56;76;"L";"1980-09-26";73;8,84955752212389
"172";"Daniel Winnik";79;97;9;25;34;"C";"1985-03-06";74;9,27835051546392
"173";"Danny DeKeyser";80;89;2;29;31;"D";"1990-03-07";75;2,24719101123596
"174";"Darren Helm";75;160;15;18;33;"C";"1987-01-21";72;9,375
"175";"Dave Bolland";53;76;6;17;23;"C";"1986-06-05";72;7,89473684210526
"176";"David Backes";80;183;26;32;58;"C";"1984-05-01";75;14,207650273224
"177";"David Booth";59;107;7;6;13;"L";"1984-11-24";72;6,54205607476635
"178";"David Clarkson";61;95;10;5;15;"R";"1984-03-31";72;10,5263157894737
"179";"David Desharnais";82;90;14;34;48;"C";"1986-09-14";67;15,5555555555556
"180";"David Jones";67;114;14;16;30;"R";"1984-08-10";75;12,280701754386
"181";"David Krejci";47;70;7;24;31;"C";"1986-04-28";72;10
"182";"David Legwand";80;91;9;18;27;"C";"1980-08-17";74;9,89010989010989
"183";"David Moss";60;96;4;8;12;"R";"1981-12-28";76;4,16666666666667
"184";"David Pastrnak";46;93;10;17;27;"R";"1996-05-25";72;10,752688172043
"185";"David Perron";81;196;17;24;41;"L";"1988-05-28";72;8,6734693877551
"186";"David Rundblad";49;58;3;11;14;"D";"1990-10-08";74;5,17241379310345
"187";"David Savard";82;112;11;25;36;"D";"1990-10-22";74;9,82142857142857
"188";"David Schlemko";44;45;1;3;4;"D";"1987-05-07";72;2,22222222222222
"189";"Dennis Everberg";55;62;3;9;12;"R";"1991-12-31";76;4,83870967741935
"190";"Dennis Seidenberg";82;103;3;11;14;"D";"1981-07-18";72;2,9126213592233
"191";"Dennis Wideman";80;173;15;41;56;"D";"1983-03-20";72;8,67052023121387
"192";"Derek Dorsett";79;89;7;18;25;"R";"1986-12-20";72;7,86516853932584
"193";"Derek MacKenzie";82;72;5;6;11;"C";"1981-06-11";71;6,94444444444444
"194";"Derek Roy";72;113;12;20;32;"C";"1983-05-04";69;10,6194690265487
"195";"Derek Stepan";68;155;16;39;55;"C";"1990-06-18";72;10,3225806451613
"196";"Derick Brassard";80;168;19;41;60;"C";"1987-09-22";73;11,3095238095238
"197";"Derrick Pouliot";34;56;2;5;7;"D";"1994-01-16";72;3,57142857142857
"198";"Deryk Engelland";76;51;2;9;11;"D";"1982-04-03";74;3,92156862745098
"199";"Devante Smith-Pelly";74;104;6;14;20;"R";"1992-06-14";72;5,76923076923077
"200";"Dion Phaneuf";70;138;3;26;29;"D";"1985-04-10";75;2,17391304347826
"201";"Dmitrij Jaskin";54;108;13;5;18;"R";"1993-03-23";74;12,037037037037
"202";"Dmitry Kulikov";73;83;3;19;22;"D";"1990-10-29";73;3,6144578313253
"203";"Dominic Moore";82;116;10;17;27;"C";"1980-08-03";72;8,62068965517241
"204";"Dougie Hamilton";72;188;10;32;42;"D";"1993-06-17";78;5,31914893617021
"205";"Drew Doughty";82;219;7;39;46;"D";"1989-12-08";73;3,19634703196347
"206";"Drew Miller";82;98;5;8;13;"L";"1984-02-17";74;5,10204081632653
"207";"Drew Stafford";76;147;18;25;43;"R";"1985-10-30";74;12,2448979591837
"208";"Duncan Keith";80;171;10;35;45;"D";"1983-07-16";73;5,84795321637427
"209";"Dustin Brown";82;189;11;16;27;"R";"1984-11-04";72;5,82010582010582
"210";"Dustin Byfuglien";69;209;18;27;45;"D";"1985-03-27";77;8,61244019138756
"211";"Dwight King";81;127;13;13;26;"L";"1989-07-05";76;10,2362204724409
"212";"Dylan Olsen";44;44;2;6;8;"D";"1991-01-03";74;4,54545454545455
"213";"Elias Lindholm";81;170;17;22;39;"C";"1994-12-02";73;10
"214";"Emerson Etem";45;77;5;5;10;"R";"1992-06-16";73;6,49350649350649
"215";"Eric Brewer";44;33;3;8;11;"D";"1979-04-17";76;9,09090909090909
"216";"Eric Fehr";75;142;19;14;33;"C";"1985-09-07";76;13,3802816901408
"217";"Eric Gelinas";61;112;6;13;19;"D";"1991-05-08";76;5,35714285714286
"218";"Eric Gryba";75;64;0;12;12;"D";"1988-04-14";76;0
"219";"Eric Nystrom";60;60;7;5;12;"L";"1983-02-14";73;11,6666666666667
"220";"Eric Staal";77;244;23;31;54;"C";"1984-10-29";76;9,42622950819672
"221";"Erik Cole";68;122;21;18;39;"L";"1978-11-06";74;17,2131147540984
"222";"Erik Condra";68;106;9;14;23;"R";"1986-08-06";71;8,49056603773585
"223";"Erik Gudbranson";76;110;4;9;13;"D";"1992-01-07";77;3,63636363636364
"224";"Erik Haula";72;92;7;7;14;"C";"1991-03-23";71;7,60869565217391
"225";"Erik Johnson";47;115;12;11;23;"D";"1988-03-21";76;10,4347826086957
"226";"Erik Karlsson";82;292;21;45;66;"D";"1990-05-31";72;7,19178082191781
"227";"Evander Kane";37;126;10;12;22;"L";"1991-08-02";74;7,93650793650794
"228";"Evgeni Malkin";69;212;28;42;70;"C";"1986-07-31";75;13,2075471698113
"229";"Evgeny Kuznetsov";80;127;11;26;37;"C";"1992-05-19";72;8,66141732283465
"230";"Fedor Tyutin";67;56;3;12;15;"D";"1983-07-19";74;5,35714285714286
"231";"Filip Forsberg";82;237;26;37;63;"L";"1994-08-13";73;10,9704641350211
"232";"Francois Beauchemin";64;110;11;12;23;"D";"1980-06-04";73;10
"233";"Frans Nielsen";78;157;14;29;43;"C";"1984-04-24";73;8,9171974522293
"234";"Freddie Hamilton";18;11;1;0;1;"C";"1992-01-01";73;9,09090909090909
"235";"Gabriel Bourque";69;76;3;10;13;"R";"1990-09-23";70;3,94736842105263
"236";"Gabriel Landeskog";82;214;23;36;59;"L";"1992-11-23";73;10,7476635514019
"237";"Grant Clitsome";24;22;0;4;4;"D";"1985-04-14";71;0
"238";"Greg Pateryn";17;10;0;0;0;"D";"1990-06-20";74;0
"239";"Gregory Campbell";70;64;6;6;12;"C";"1983-12-17";72;9,375
"240";"Gustav Nyquist";82;195;27;27;54;"R";"1989-09-01";71;13,8461538461538
"241";"Hampus Lindholm";78;107;7;27;34;"D";"1994-01-20";75;6,54205607476635
"242";"Henrik Sedin";82;101;18;55;73;"C";"1980-09-26";74;17,8217821782178
"243";"Henrik Zetterberg";77;227;17;49;66;"L";"1980-10-09";72;7,48898678414097
"244";"Ian Cole";74;83;5;12;17;"D";"1989-02-21";73;6,02409638554217
"245";"Iiro Pakarinen";17;34;1;2;3;"R";"1991-08-25";73;2,94117647058824
"246";"J.T. Brown";52;74;3;6;9;"R";"1990-07-02";70;4,05405405405405
"247";"J.T. Miller";58;92;10;13;23;"C";"1993-03-14";73;10,8695652173913
"248";"Jack Hillen";38;24;0;5;5;"D";"1986-01-24";70;0
"249";"Jack Johnson";79;141;8;32;40;"D";"1987-01-13";73;5,67375886524823
"250";"Jack Skille";45;95;6;2;8;"R";"1987-05-19";73;6,31578947368421
"251";"Jacob De La Rose";33;38;4;2;6;"L";"1995-05-20";75;10,5263157894737
"252";"Jacob Josefson";62;61;6;5;11;"C";"1991-03-02";72;9,83606557377049
"253";"Jacob Trouba";65;133;7;15;22;"D";"1994-02-26";75;5,26315789473684
"254";"Jaden Schwartz";75;184;28;35;63;"L";"1992-06-25";70;15,2173913043478
"255";"Jake Gardiner";79;100;4;20;24;"D";"1990-07-04";74;4
"256";"Jake Muzzin";76;173;10;31;41;"D";"1989-02-21";75;5,78034682080925
"257";"Jakob Silfverberg";81;189;13;26;39;"R";"1990-10-13";74;6,87830687830688
"258";"Jakub Kindl";35;54;5;8;13;"D";"1987-02-10";75;9,25925925925926
"259";"Jakub Voracek";82;221;22;59;81;"R";"1989-08-15";74;9,95475113122172
"260";"James Neal";67;221;23;14;37;"R";"1987-09-03";74;10,4072398190045
"261";"James Sheppard";71;79;7;11;18;"C";"1988-04-25";73;8,86075949367089
"262";"James van Riemsdyk";82;248;27;29;56;"L";"1989-05-04";75;10,8870967741935
"263";"James Wisniewski";69;147;8;26;34;"D";"1984-02-21";71;5,4421768707483
"264";"Jamie Benn";82;253;35;52;87;"L";"1989-07-18";74;13,8339920948617
"265";"Jamie McBain";26;18;3;6;9;"D";"1988-02-25";73;16,6666666666667
"266";"Jamie McGinn";19;36;4;2;6;"L";"1988-08-05";73;11,1111111111111
"267";"Jamie Oleksiak";36;36;1;7;8;"D";"1992-12-21";79;2,77777777777778
"268";"Jan Hejda";81;84;1;12;13;"D";"1978-06-18";76;1,19047619047619
"269";"Jannik Hansen";81;145;16;17;33;"R";"1986-03-15";73;11,0344827586207
"270";"Jared Boll";72;28;1;4;5;"R";"1986-05-13";75;3,57142857142857
"271";"Jared Cowen";54;47;3;6;9;"D";"1991-01-25";77;6,38297872340426
"272";"Jared Spurgeon";66;128;9;16;25;"D";"1989-11-29";69;7,03125
"273";"Jarome Iginla";82;189;29;30;59;"R";"1977-07-01";73;15,3439153439153
"274";"Jaromir Jagr";77;169;17;30;47;"R";"1972-02-15";75;10,0591715976331
"275";"Jarret Stoll";73;83;6;11;17;"C";"1982-06-24";73;7,2289156626506
"276";"Jason Chimera";77;96;7;12;19;"L";"1979-05-02";75;7,29166666666667
"277";"Jason Demers";81;99;5;20;25;"D";"1988-06-09";73;5,05050505050505
"278";"Jason Garrison";70;111;4;26;30;"D";"1984-11-13";74;3,6036036036036
"279";"Jason Pominville";82;252;18;36;54;"R";"1982-11-30";72;7,14285714285714
"280";"Jason Spezza";82;204;17;45;62;"C";"1983-06-13";75;8,33333333333333
"281";"Jason Zucker";51;124;21;5;26;"L";"1992-01-16";71;16,9354838709677
"282";"Jay Beagle";62;84;10;10;20;"R";"1985-10-16";75;11,9047619047619
"283";"Jay Bouwmeester";72;92;2;11;13;"D";"1983-09-27";76;2,17391304347826
"284";"Jay Harrison";55;50;3;6;9;"D";"1982-11-03";76;6
"285";"Jay McClement";82;68;7;14;21;"C";"1983-03-02";73;10,2941176470588
"286";"Jean-Gabriel Pageau";50;97;10;9;19;"C";"1992-11-11";70;10,3092783505155
"287";"Jeff Carter";82;218;28;34;62;"C";"1985-01-01";76;12,8440366972477
"288";"Jeff Petry";78;126;7;15;22;"D";"1987-12-09";75;5,55555555555556
"289";"Jeff Skinner";77;235;18;13;31;"L";"1992-05-16";71;7,65957446808511
"290";"Jeremy Morin";43;73;2;4;6;"R";"1991-04-16";73;2,73972602739726
"291";"Jesper Fast";58;52;6;8;14;"R";"1991-12-02";72;11,5384615384615
"292";"Jesse Joensuu";20;18;2;2;4;"L";"1987-10-05";76;11,1111111111111
"293";"Jim Slater";82;51;5;8;13;"C";"1982-12-09";72;9,80392156862745
"294";"Jimmy Hayes";72;166;19;16;35;"R";"1989-11-21";77;11,4457831325301
"295";"Jiri Hudler";78;158;31;45;76;"C";"1984-01-04";70;19,620253164557
"296";"Jiri Sekac";69;85;9;14;23;"L";"1992-06-10";73;10,5882352941176
"297";"Jiri Tlusty";72;123;14;17;31;"R";"1988-03-16";72;11,3821138211382
"298";"Joakim Andersson";68;74;3;5;8;"C";"1989-02-05";74;4,05405405405405
"299";"Joakim Lindstrom";53;61;4;6;10;"C";"1983-12-05";72;6,55737704918033
"300";"Joakim Nordstrom";38;42;0;3;3;"L";"1992-02-25";73;0
"301";"Joe Colborne";64;67;8;20;28;"C";"1990-01-30";77;11,9402985074627
"302";"Joe Pavelski";82;261;37;33;70;"C";"1984-07-11";71;14,176245210728
"303";"Joe Thornton";78;131;16;49;65;"C";"1979-07-02";76;12,2137404580153
"304";"Joe Vitale";70;55;3;6;9;"C";"1985-08-20";71;5,45454545454545
"305";"Joel Ward";82;138;19;15;34;"R";"1980-12-02";73;13,768115942029
"306";"Joffrey Lupul";55;97;10;11;21;"L";"1983-09-23";73;10,3092783505155
"307";"Johan Franzen";33;74;7;15;22;"R";"1979-12-23";76;9,45945945945946
"308";"Johan Larsson";39;50;6;10;16;"L";"1992-07-25";71;12
"309";"John-Michael Liles";57;90;2;20;22;"D";"1980-11-25";70;2,22222222222222
"310";"John Carlson";82;193;12;43;55;"D";"1990-01-10";75;6,21761658031088
"311";"John Klingberg";65;98;11;29;40;"D";"1992-08-14";74;11,2244897959184
"312";"John Mitchell";68;105;11;15;26;"C";"1985-01-22";73;10,4761904761905
"313";"John Moore";57;77;2;9;11;"D";"1990-11-19";75;2,5974025974026
"314";"John Scott";38;19;3;1;4;"L";"1982-09-26";80;15,7894736842105
"315";"John Tavares";82;278;38;48;86;"C";"1990-09-20";73;13,6690647482014
"316";"Johnny Boychuk";72;192;9;26;35;"D";"1984-01-19";74;4,6875
"317";"Johnny Gaudreau";80;167;24;40;64;"L";"1993-08-13";69;14,3712574850299
"318";"Johnny Oduya";76;76;2;8;10;"D";"1981-10-01";72;2,63157894736842
"319";"Jon Merrill";66;47;2;12;14;"D";"1992-02-03";75;4,25531914893617
"320";"Jonas Brodin";71;95;3;14;17;"D";"1993-07-12";73;3,15789473684211
"321";"Jonathan Drouin";70;76;4;28;32;"L";"1995-03-28";71;5,26315789473684
"322";"Jonathan Ericsson";82;82;3;12;15;"D";"1984-03-02";76;3,65853658536585
"323";"Jonathan Huberdeau";79;169;15;39;54;"L";"1993-06-04";73;8,87573964497041
"324";"Jonathan Toews";81;192;28;38;66;"C";"1988-04-29";74;14,5833333333333
"325";"Jordan Caron";30;12;0;0;0;"R";"1990-11-02";75;0
"326";"Jordan Eberle";81;183;24;39;63;"R";"1990-05-15";71;13,1147540983607
"327";"Jordan Leopold";43;39;1;3;4;"D";"1980-08-03";73;2,56410256410256
"328";"Jordan Nolan";60;44;6;3;9;"C";"1989-06-23";75;13,6363636363636
"329";"Jordan Schroeder";25;48;3;5;8;"C";"1990-09-29";69;6,25
"330";"Jordan Staal";46;92;6;18;24;"C";"1988-09-10";76;6,52173913043478
"331";"Jordie Benn";73;70;2;14;16;"D";"1987-07-26";74;2,85714285714286
"332";"Jordin Tootoo";68;75;10;5;15;"R";"1983-02-02";69;13,3333333333333
"333";"Jori Lehtera";75;103;14;30;44;"C";"1987-12-23";74;13,5922330097087
"334";"Josh Bailey";70;140;15;26;41;"L";"1989-10-02";73;10,7142857142857
"335";"Josh Gorges";46;28;0;6;6;"D";"1984-08-14";73;0
"336";"Josh Jooris";60;89;12;12;24;"C";"1990-07-14";73;13,4831460674157
"337";"Josh Manson";28;26;0;3;3;"D";"1991-10-07";75;0
"338";"Jussi Jokinen";81;134;8;36;44;"L";"1983-04-01";71;5,97014925373134
"339";"Justin Abdelkader";71;154;23;21;44;"L";"1987-02-25";74;14,9350649350649
"340";"Justin Braun";70;94;1;22;23;"D";"1987-02-10";74;1,06382978723404
"341";"Justin Falk";18;18;1;1;2;"D";"1988-10-11";77;5,55555555555556
"342";"Justin Faulk";82;238;15;34;49;"D";"1992-03-20";72;6,30252100840336
"343";"Justin Fontaine";71;104;9;22;31;"R";"1987-11-06";70;8,65384615384615
"344";"Justin Schultz";81;122;6;25;31;"D";"1990-07-06";74;4,91803278688525
"345";"Justin Williams";81;174;18;23;41;"R";"1981-10-04";73;10,3448275862069
"346";"Jyrki Jokipakka";51;40;0;10;10;"D";"1991-08-20";75;0
"347";"Karl Alzner";82;72;5;16;21;"D";"1988-09-24";74;6,94444444444444
"348";"Keith Aulie";31;25;0;1;1;"D";"1989-06-11";78;0
"349";"Keith Yandle";84;232;6;46;52;"D";"1986-09-09";73;2,58620689655172
"350";"Kevan Miller";41;37;2;5;7;"D";"1987-11-15";74;5,40540540540541
"351";"Kevin Bieksa";60;99;4;10;14;"D";"1981-06-16";73;4,04040404040404
"352";"Kevin Connauton";62;96;9;12;21;"D";"1990-02-23";74;9,375
"353";"Kevin Hayes";79;111;17;28;45;"R";"1992-05-08";77;15,3153153153153
"354";"Kevin Klein";65;76;9;17;26;"D";"1984-12-13";73;11,8421052631579
"355";"Kevin Shattenkirk";56;135;8;36;44;"D";"1989-01-29";72;5,92592592592593
"356";"Kimmo Timonen";16;10;0;0;0;"D";"1975-03-18";70;0
"357";"Klas Dahlbeck";23;20;1;3;4;"D";"1991-07-06";75;5
"358";"Korbinian Holzer";34;32;0;6;6;"D";"1988-02-16";75;0
"359";"Kris Letang";69;197;11;43;54;"D";"1987-04-24";72;5,58375634517767
"360";"Kris Russell";79;111;4;30;34;"D";"1987-05-02";70;3,6036036036036
"361";"Kris Versteeg";61;134;14;20;34;"R";"1986-05-13";71;10,4477611940298
"362";"Kyle Brodziak";73;86;9;11;20;"C";"1984-05-25";74;10,4651162790698
"363";"Kyle Chipchura";70;81;4;10;14;"C";"1986-02-19";74;4,93827160493827
"364";"Kyle Clifford";80;117;6;9;15;"L";"1991-01-13";74;5,12820512820513
"365";"Kyle Okposo";60;195;18;33;51;"R";"1988-04-16";72;9,23076923076923
"366";"Kyle Palmieri";57;112;14;15;29;"R";"1991-02-01";70;12,5
"367";"Kyle Quincey";73;90;3;15;18;"D";"1985-08-12";74;3,33333333333333
"368";"Kyle Turris";82;215;24;40;64;"C";"1989-08-14";73;11,1627906976744
"369";"Ladislav Smid";31;21;0;1;1;"D";"1986-02-01";76;0
"370";"Lance Bouma";78;104;16;18;34;"C";"1990-03-25";74;15,3846153846154
"371";"Lars Eller";77;150;15;12;27;"C";"1989-05-08";74;10
"372";"Lauri Korpikoski";69;82;6;15;21;"L";"1986-07-28";73;7,31707317073171
"373";"Lee Stempniak";71;115;15;13;28;"R";"1983-02-04";71;13,0434782608696
"374";"Leo Komarov";62;84;8;18;26;"C";"1987-01-23";71;9,52380952380952
"375";"Leon Draisaitl";37;49;2;7;9;"C";"1995-10-27";73;4,08163265306122
"376";"Linden Vey";75;61;10;14;24;"R";"1991-07-17";72;16,3934426229508
"377";"Logan Couture";82;263;27;40;67;"C";"1989-03-28";73;10,2661596958175
"378";"Loui Eriksson";81;169;22;25;47;"R";"1985-07-17";74;13,0177514792899
"379";"Lubomir Visnovsky";53;85;5;15;20;"D";"1976-08-11";70;5,88235294117647
"380";"Luca Sbisa";76;79;3;8;11;"D";"1990-01-30";74;3,79746835443038
"381";"Lucas Lessio";26;44;2;3;5;"L";"1993-01-23";73;4,54545454545455
"382";"Luke Gazdic";40;26;2;1;3;"L";"1989-07-25";76;7,69230769230769
"383";"Luke Glendening";82;104;12;6;18;"C";"1989-04-28";71;11,5384615384615
"384";"Luke Schenn";58;67;3;11;14;"D";"1989-11-02";74;4,47761194029851
"385";"Luke Witkowski";16;10;0;0;0;"D";"1990-04-14";74;0
"386";"Manny Malhotra";58;46;1;3;4;"C";"1980-05-18";74;2,17391304347826
"387";"Marc-Andre Cliche";74;68;2;5;7;"C";"1987-03-23";72;2,94117647058824
"388";"Marc-Edouard Vlasic";70;98;9;14;23;"D";"1987-03-30";73;9,18367346938776
"389";"Marc Methot";45;49;1;10;11;"D";"1985-06-21";75;2,04081632653061
"390";"Marc Staal";80;97;5;15;20;"D";"1987-01-13";76;5,15463917525773
"391";"Marcel Goc";74;77;3;6;9;"C";"1983-08-24";73;3,8961038961039
"392";"Marco Scandella";64;112;11;12;23;"D";"1990-02-23";73;9,82142857142857
"393";"Marcus Foligno";57;66;8;12;20;"L";"1991-08-10";75;12,1212121212121
"394";"Marcus Johansson";82;138;20;27;47;"L";"1990-10-06";73;14,4927536231884
"395";"Marcus Kruger";81;126;7;10;17;"C";"1990-05-27";72;5,55555555555556
"396";"Marek Zidlicky";84;130;7;27;34;"D";"1977-02-03";71;5,38461538461539
"397";"Marian Gaborik";69;174;27;20;47;"R";"1982-02-14";73;15,5172413793103
"398";"Marian Hossa";82;247;22;39;61;"R";"1979-01-12";73;8,90688259109312
"399";"Mark Arcobello";77;129;17;14;31;"R";"1988-08-12";68;13,1782945736434
"400";"Mark Barberio";52;53;1;6;7;"D";"1990-03-23";73;1,88679245283019
"401";"Mark Borowiecki";63;30;1;10;11;"D";"1989-07-12";74;3,33333333333333
"402";"Mark Fayne";74;78;2;6;8;"D";"1987-05-15";75;2,56410256410256
"403";"Mark Fraser";34;19;0;4;4;"D";"1986-09-29";76;0
"404";"Mark Giordano";61;157;11;37;48;"D";"1983-10-03";72;7,00636942675159
"405";"Mark Letestu";54;63;7;6;13;"C";"1985-02-04";70;11,1111111111111
"406";"Mark Scheifele";82;170;15;34;49;"C";"1993-03-15";75;8,82352941176471
"407";"Mark Stone";80;157;26;38;64;"R";"1992-05-13";75;16,5605095541401
"408";"Mark Streit";81;144;9;43;52;"D";"1977-12-11";71;6,25
"409";"Mark Stuart";70;51;2;12;14;"D";"1984-04-27";74;3,92156862745098
"410";"Marko Dano";35;84;8;13;21;"R";"1994-11-30";71;9,52380952380952
"411";"Markus Granlund";48;65;8;10;18;"C";"1993-04-16";72;12,3076923076923
"412";"Martin Erat";79;91;9;23;32;"R";"1981-08-29";72;9,89010989010989
"413";"Martin Hanzal";37;85;8;16;24;"C";"1987-02-20";78;9,41176470588235
"414";"Martin Havlat";40;49;5;9;14;"R";"1981-04-19";74;10,2040816326531
"415";"Martin Marincin";41;38;1;4;5;"D";"1992-02-18";76;2,63157894736842
"416";"Martin St. Louis";74;144;21;31;52;"R";"1975-06-18";68;14,5833333333333
"417";"Mason Raymond";57;123;12;11;23;"L";"1985-09-17";73;9,75609756097561
"418";"Mathieu Perreault";62;129;18;23;41;"C";"1988-01-05";70;13,953488372093
"419";"Mats Zuccarello";78;154;15;34;49;"R";"1987-09-01";67;9,74025974025974
"420";"Matt Bartkowski";47;67;0;4;4;"D";"1988-06-04";73;0
"421";"Matt Beleskey";65;145;22;10;32;"L";"1988-06-07";72;15,1724137931034
"422";"Matt Calvert";56;93;13;10;23;"L";"1989-12-24";71;13,9784946236559
"423";"Matt Cooke";29;24;4;6;10;"L";"1978-09-07";71;16,6666666666667
"424";"Matt Cullen";62;90;7;18;25;"C";"1976-11-02";73;7,77777777777778
"425";"Matt Duchene";82;207;21;34;55;"C";"1991-01-16";71;10,1449275362319
"426";"Matt Dumba";58;86;8;8;16;"D";"1994-07-25";72;9,30232558139535
"427";"Matt Ellis";39;29;1;1;2;"L";"1981-08-31";72;3,44827586206897
"428";"Matt Fraser";60;92;8;4;12;"R";"1990-05-20";75;8,69565217391304
"429";"Matt Greene";82;69;3;6;9;"D";"1983-05-13";75;4,34782608695652
"430";"Matt Halischuk";47;59;3;5;8;"R";"1988-06-01";72;5,08474576271187
"431";"Matt Hendricks";71;103;8;8;16;"L";"1981-06-17";72;7,76699029126214
"432";"Matt Hunwick";55;72;2;9;11;"D";"1985-05-21";71;2,77777777777778
"433";"Matt Irwin";53;93;8;11;19;"D";"1987-11-29";73;8,60215053763441
"434";"Matt Martin";78;90;8;6;14;"L";"1989-05-08";75;8,88888888888889
"435";"Matt Moulson";77;156;13;28;41;"L";"1983-11-01";73;8,33333333333333
"436";"Matt Nieto";72;135;10;17;27;"L";"1992-11-05";71;7,40740740740741
"437";"Matt Niskanen";82;117;4;27;31;"D";"1986-12-06";72;3,41880341880342
"438";"Matt Read";80;142;8;22;30;"R";"1986-06-14";70;5,63380281690141
"439";"Matt Stajan";59;46;7;10;17;"C";"1983-12-19";73;15,2173913043478
"440";"Matt Tennyson";27;37;2;6;8;"D";"1990-04-23";74;5,40540540540541
"441";"Matthew Carle";59;73;4;14;18;"D";"1984-09-25";72;5,47945205479452
"442";"Mattias Ekholm";80;86;7;11;18;"D";"1990-05-24";76;8,13953488372093
"443";"Max Pacioretty";80;302;37;30;67;"L";"1988-11-20";74;12,2516556291391
"444";"Max Talbot";81;97;5;13;18;"C";"1984-02-11";71;5,15463917525773
"445";"Maxim Lapierre";80;86;2;9;11;"C";"1985-03-29";74;2,32558139534884
"446";"Melker Karlsson";53;100;13;11;24;"C";"1990-07-18";72;13
"447";"Michael Bournival";29;27;3;2;5;"L";"1992-05-31";71;11,1111111111111
"448";"Michael Chaput";33;23;1;4;5;"C";"1992-04-09";74;4,34782608695652
"449";"Michael Del Zotto";64;119;10;22;32;"D";"1990-06-24";72;8,40336134453782
"450";"Michael Frolik";82;206;19;23;42;"R";"1988-02-17";73;9,22330097087379
"451";"Michael Grabner";34;63;8;5;13;"R";"1987-10-05";73;12,6984126984127
"452";"Michael Latta";53;24;0;6;6;"C";"1991-05-25";72;0
"453";"Michael Raffl";67;134;21;7;28;"L";"1988-12-01";72;15,6716417910448
"454";"Michael Ryder";47;89;6;13;19;"R";"1980-03-31";73;6,74157303370786
"455";"Michael Stone";81;144;3;15;18;"D";"1990-06-07";75;2,08333333333333
"456";"Michal Jordan";38;44;2;4;6;"D";"1990-07-17";73;4,54545454545455
"457";"Michal Rozsival";65;56;1;12;13;"D";"1978-09-03";73;1,78571428571429
"458";"Micheal Ferland";26;34;2;3;5;"L";"1992-04-20";74;5,88235294117647
"459";"Mika Zibanejad";80;150;20;26;46;"C";"1993-04-18";74;13,3333333333333
"460";"Mikael Backlund";52;103;10;17;27;"C";"1989-03-17";73;9,70873786407767
"461";"Mikael Granlund";68;99;8;31;39;"C";"1992-02-26";70;8,08080808080808
"462";"Mike Cammalleri";68;156;27;15;42;"L";"1982-06-08";69;17,3076923076923
"463";"Mike Fisher";59;111;19;20;39;"C";"1980-06-05";73;17,1171171171171
"464";"Mike Green";72;159;10;35;45;"D";"1985-10-12";73;6,28930817610063
"465";"Mike Hoffman";79;199;27;21;48;"L";"1989-11-24";73;13,5678391959799
"466";"Mike Ribeiro";82;96;15;47;62;"C";"1980-02-10";72;15,625
"467";"Mike Richards";53;63;5;11;16;"C";"1985-02-11";71;7,93650793650794
"468";"Mike Santorelli";79;145;12;21;33;"C";"1985-12-14";72;8,27586206896552
"469";"Mike Weaver";31;8;0;4;4;"D";"1978-05-02";70;0
"470";"Mike Weber";64;41;1;6;7;"D";"1987-12-16";74;2,4390243902439
"471";"Mikhail Grabovski";51;81;9;10;19;"C";"1984-01-31";71;11,1111111111111
"472";"Mikhail Grigorenko";25;35;3;3;6;"C";"1994-05-16";75;8,57142857142857
"473";"Mikkel Boedker";45;79;14;14;28;"L";"1989-12-16";72;17,7215189873418
"474";"Mikko Koivu";80;179;14;34;48;"C";"1983-03-12";75;7,82122905027933
"475";"Milan Lucic";81;141;18;26;44;"L";"1988-06-07";75;12,7659574468085
"476";"Milan Michalek";66;130;13;21;34;"L";"1984-12-07";74;10
"477";"Mirco Mueller";39;31;1;3;4;"D";"1995-03-21";75;3,2258064516129
"478";"Morgan Rielly";81;148;8;21;29;"D";"1994-03-09";73;5,40540540540541
"479";"Nail Yakupov";81;191;14;19;33;"R";"1993-10-06";71;7,32984293193717
"480";"Nate Guenin";76;38;2;13;15;"D";"1982-12-10";75;5,26315789473684
"481";"Nate Prosser";63;38;2;5;7;"D";"1986-05-07";74;5,26315789473684
"482";"Nate Schmidt";39;40;1;3;4;"D";"1991-07-16";72;2,5
"483";"Nate Thompson";80;87;5;13;18;"C";"1984-10-05";72;5,74712643678161
"484";"Nathan Beaulieu";64;62;1;8;9;"D";"1992-12-05";74;1,61290322580645
"485";"Nathan Gerbe";78;235;10;18;28;"L";"1987-07-24";65;4,25531914893617
"486";"Nathan MacKinnon";64;192;14;24;38;"C";"1995-09-01";72;7,29166666666667
"487";"Nazem Kadri";73;176;18;21;39;"C";"1990-10-06";72;10,2272727272727
"488";"Nick Bjugstad";72;207;24;19;43;"C";"1992-07-17";78;11,5942028985507
"489";"Nick Bonino";75;149;15;24;39;"C";"1988-04-20";73;10,0671140939597
"490";"Nick Foligno";79;182;31;42;73;"L";"1987-10-31";72;17,032967032967
"491";"Nick Holden";78;94;5;9;14;"D";"1987-05-15";76;5,31914893617021
"492";"Nick Leddy";78;120;10;27;37;"D";"1991-03-20";72;8,33333333333333
"493";"Nick Schultz";80;69;2;13;15;"D";"1982-08-25";73;2,89855072463768
"494";"Nick Shore";34;33;1;6;7;"C";"1992-09-26";73;3,03030303030303
"495";"Nick Spaling";82;90;9;18;27;"C";"1988-09-19";73;10
"496";"Nicklas Backstrom";82;153;18;60;78;"C";"1987-11-23";73;11,7647058823529
"497";"Nicklas Grossmann";68;43;5;9;14;"D";"1985-01-22";76;11,6279069767442
"498";"Nicolas Deslauriers";82;76;5;10;15;"L";"1991-02-22";73;6,57894736842105
"499";"Nikita Kucherov";82;191;29;36;65;"R";"1993-06-17";71;15,1832460732984
"500";"Nikita Nesterov";27;44;2;5;7;"D";"1993-03-28";71;4,54545454545455
"501";"Nikita Nikitin";42;80;4;6;10;"D";"1986-06-16";76;5
"502";"Nikita Zadorov";60;52;3;12;15;"D";"1995-04-16";77;5,76923076923077
"503";"Niklas Hjalmarsson";82;97;3;16;19;"D";"1987-06-06";75;3,09278350515464
"504";"Niklas Kronwall";80;101;9;35;44;"D";"1981-01-12";72;8,91089108910891
"505";"Nikolay Kulemin";82;115;15;16;31;"L";"1986-07-14";73;13,0434782608696
"506";"Nino Niederreiter";80;149;24;13;37;"R";"1992-09-08";74;16,1073825503356
"507";"Oliver Ekman-Larsson";82;264;23;20;43;"D";"1991-07-17";74;8,71212121212121
"508";"Olli Jokinen";62;110;4;6;10;"C";"1978-12-05";74;3,63636363636364
"509";"Olli Maatta";20;27;1;8;9;"D";"1994-08-22";74;3,7037037037037
"510";"Ondrej Palat";75;139;16;47;63;"L";"1991-03-28";72;11,5107913669065
"511";"Oscar Klefbom";60;98;2;18;20;"D";"1993-07-20";75;2,04081632653061
"512";"P.K. Subban";82;170;15;45;60;"D";"1989-05-13";72;8,82352941176471
"513";"Pascal Dupuis";16;44;6;5;11;"R";"1979-04-07";73;13,6363636363636
"514";"Patric Hornqvist";64;220;25;26;51;"R";"1987-01-01";71;11,3636363636364
"515";"Patrice Bergeron";81;234;23;32;55;"C";"1985-07-24";73;9,82905982905983
"516";"Patrick Dwyer";71;77;5;7;12;"R";"1983-06-22";71;6,49350649350649
"517";"Patrick Eaves";47;91;14;13;27;"R";"1984-05-01";72;15,3846153846154
"518";"Patrick Kaleta";42;25;0;3;3;"R";"1986-06-08";73;0
"519";"Patrick Kane";61;186;27;37;64;"R";"1988-11-19";71;14,5161290322581
"520";"Patrick Marleau";82;233;19;38;57;"L";"1979-09-15";74;8,15450643776824
"521";"Patrick Maroon";71;120;9;25;34;"L";"1988-04-23";75;7,5
"522";"Patrick Sharp";68;230;16;27;43;"L";"1981-12-27";73;6,95652173913043
"523";"Patrick Wiercioch";56;79;3;10;13;"D";"1990-09-12";77;3,79746835443038
"524";"Patrik Berglund";77;145;12;15;27;"C";"1988-06-02";75;8,27586206896552
"525";"Patrik Elias";69;114;13;21;34;"C";"1976-04-13";73;11,4035087719298
"526";"Patrik Nemeth";22;16;0;3;3;"D";"1992-02-08";75;0
"527";"Paul Byron";57;62;6;13;19;"L";"1989-04-27";68;9,67741935483871
"528";"Paul Gaustad";73;54;4;10;14;"C";"1982-02-03";77;7,40740740740741
"529";"Paul Martin";74;61;3;17;20;"D";"1981-03-05";73;4,91803278688525
"530";"Paul Postma";42;40;2;4;6;"D";"1989-02-22";75;5
"531";"Paul Stastny";74;143;16;30;46;"C";"1985-12-27";72;11,1888111888112
"532";"Pavel Datsyuk";63;165;26;39;65;"C";"1978-07-20";71;15,7575757575758
"533";"Peter Harrold";43;31;3;2;5;"D";"1983-06-08";71;9,67741935483871
"534";"Peter Holland";62;93;11;14;25;"C";"1991-01-14";74;11,8279569892473
"535";"Petteri Lindbohm";23;32;2;1;3;"D";"1993-09-23";75;6,25
"536";"Phil Kessel";82;280;25;36;61;"R";"1987-10-02";72;8,92857142857143
"537";"Philip Varone";28;28;3;2;5;"C";"1990-12-04";70;10,7142857142857
"538";"Pierre-Alexandre Parenteau";56;97;8;14;22;"R";"1983-03-24";72;8,24742268041237
"539";"Pierre-Edouard Bellemare";81;113;6;6;12;"L";"1985-03-06";72;5,30973451327434
"540";"R.J. Umberger";67;96;9;6;15;"C";"1982-05-03";74;9,375
"541";"Radim Vrbata";79;267;31;32;63;"R";"1981-06-13";73;11,6104868913858
"542";"Radko Gudas";31;63;2;3;5;"D";"1990-06-05";72;3,17460317460317
"543";"Raphael Diaz";56;52;2;2;4;"D";"1986-01-09";71;3,84615384615385
"544";"Rasmus Ristolainen";78;121;8;12;20;"D";"1994-10-27";76;6,61157024793388
"545";"Reilly Smith";81;143;13;27;40;"R";"1991-04-01";72;9,09090909090909
"546";"Rene Bourque";51;85;6;8;14;"R";"1981-12-10";74;7,05882352941176
"547";"Richard Panik";76;87;11;6;17;"R";"1991-02-07";73;12,6436781609195
"548";"Rick Nash";79;304;42;27;69;"L";"1984-06-16";76;13,8157894736842
"549";"Rickard Rakell";71;105;9;22;31;"C";"1993-05-05";74;8,57142857142857
"550";"Riley Nash";68;94;8;17;25;"C";"1989-05-09";73;8,51063829787234
"551";"Riley Sheahan";79;123;13;23;36;"C";"1991-12-07";75;10,5691056910569
"552";"Rob Klinkhammer";69;64;5;4;9;"L";"1986-08-12";75;7,8125
"553";"Rob Scuderi";82;52;1;9;10;"D";"1978-12-30";73;1,92307692307692
"554";"Robert Bortuzzo";51;56;3;5;8;"D";"1989-03-18";76;5,35714285714286
"555";"Robyn Regehr";67;63;3;10;13;"D";"1980-04-19";75;4,76190476190476
"556";"Roman Josi";81;201;15;40;55;"D";"1990-06-01";73;7,46268656716418
"557";"Roman Polak";56;61;5;4;9;"D";"1986-04-28";72;8,19672131147541
"558";"Ron Hainsey";81;83;2;8;10;"D";"1981-03-24";75;2,40963855421687
"559";"Ronalds Kenins";30;38;4;8;12;"L";"1991-02-28";72;10,5263157894737
"560";"Ryan Callahan";77;191;24;30;54;"R";"1985-03-21";70;12,565445026178
"561";"Ryan Carter";53;47;3;10;13;"C";"1983-08-03";73;6,38297872340426
"562";"Ryan Ellis";58;118;9;18;27;"D";"1991-01-03";70;7,6271186440678
"563";"Ryan Garbutt";67;143;8;17;25;"L";"1985-08-12";72;5,59440559440559
"564";"Ryan Getzlaf";77;191;25;45;70;"C";"1985-05-10";76;13,0890052356021
"565";"Ryan Hamilton";16;12;1;1;2;"L";"1985-04-15";74;8,33333333333333
"566";"Ryan Johansen";82;202;26;45;71;"C";"1992-07-31";75;12,8712871287129
"567";"Ryan Kesler";81;205;20;27;47;"C";"1984-08-31";74;9,75609756097561
"568";"Ryan McDonagh";71;148;8;25;33;"D";"1989-06-13";73;5,40540540540541
"569";"Ryan Murphy";37;61;4;9;13;"D";"1993-03-31";71;6,55737704918033
"570";"Ryan Nugent-Hopkins";76;189;24;32;56;"C";"1993-04-12";72;12,6984126984127
"571";"Ryan O'Reilly";82;171;17;38;55;"C";"1991-02-07";73;9,94152046783626
"572";"Ryan Reaves";81;55;6;6;12;"R";"1987-01-20";73;10,9090909090909
"573";"Ryan Spooner";29;73;8;10;18;"C";"1992-01-30";70;10,958904109589
"574";"Ryan Stanton";54;59;3;8;11;"D";"1989-07-20";74;5,08474576271187
"575";"Ryan Strome";81;179;17;33;50;"C";"1993-07-11";73;9,49720670391061
"576";"Ryan Suter";77;150;2;36;38;"D";"1985-01-21";73;1,33333333333333
"577";"Ryan White";34;45;6;6;12;"C";"1988-03-17";72;13,3333333333333
"578";"Sam Carrick";16;17;1;1;2;"C";"1992-02-04";72;5,88235294117647
"579";"Sam Gagner";81;183;15;26;41;"C";"1989-08-10";71;8,19672131147541
"580";"Sami Vatanen";67;122;12;25;37;"D";"1991-06-03";70;9,83606557377049
"581";"Scott Gomez";58;70;7;27;34;"C";"1979-12-23";71;10
"582";"Scott Hannan";58;53;2;5;7;"D";"1979-01-23";73;3,77358490566038
"583";"Scott Hartnell";77;204;28;32;60;"L";"1982-04-18";74;13,7254901960784
"584";"Scott Laughton";31;51;2;4;6;"C";"1994-05-30";73;3,92156862745098
"585";"Scottie Upshall";63;93;8;7;15;"R";"1983-10-07";72;8,60215053763441
"586";"Sean Bergenheim";56;108;9;10;19;"L";"1984-02-08";71;8,33333333333333
"587";"Sean Couturier";82;148;15;22;37;"C";"1992-12-07";75;10,1351351351351
"588";"Sean Monahan";81;191;31;31;62;"C";"1994-10-12";75;16,2303664921466
"589";"Sergei Gonchar";48;46;1;13;14;"D";"1974-04-13";74;2,17391304347826
"590";"Seth Griffith";30;33;6;4;10;"C";"1993-01-04";69;18,1818181818182
"591";"Seth Helgeson";22;11;0;2;2;"D";"1990-10-08";76;0
"592";"Seth Jones";82;123;8;19;27;"D";"1994-10-03";76;6,50406504065041
"593";"Shane Doan";79;189;14;22;36;"R";"1976-10-10";73;7,40740740740741
"594";"Shawn Horcoff";76;82;11;18;29;"C";"1978-09-17";73;13,4146341463415
"595";"Shawn Matthias";78;132;18;9;27;"C";"1988-02-19";76;13,6363636363636
"596";"Shawn Thornton";46;53;1;4;5;"L";"1977-07-23";74;1,88679245283019
"597";"Shea Weber";78;237;15;30;45;"D";"1985-08-14";76;6,32911392405063
"598";"Sidney Crosby";77;237;28;56;84;"C";"1987-08-07";71;11,8143459915612
"599";"Simon Despres";75;103;3;20;23;"D";"1991-07-27";76;2,9126213592233
"600";"Simon Gagne";23;27;3;1;4;"L";"1980-02-29";73;11,1111111111111
"601";"Stephane Robidas";52;34;1;6;7;"D";"1977-03-03";71;2,94117647058824
"602";"Stephen Gionta";61;84;5;8;13;"C";"1983-10-09";67;5,95238095238095
"603";"Stephen Weiss";52;52;9;16;25;"C";"1983-04-03";71;17,3076923076923
"604";"Steve Bernier";67;107;16;16;32;"R";"1985-03-31";75;14,9532710280374
"605";"Steve Downie";72;104;14;14;28;"R";"1987-04-03";71;13,4615384615385
"606";"Steve Ott";78;49;3;9;12;"C";"1982-08-19";72;6,12244897959184
"607";"Steven Kampfer";25;28;2;2;4;"D";"1988-09-24";71;7,14285714285714
"608";"Steven Pinizzotto";18;15;2;2;4;"R";"1984-04-26";73;13,3333333333333
"609";"Steven Stamkos";82;268;43;29;72;"C";"1990-02-07";73;16,044776119403
"610";"Sven Baertschi";18;15;2;4;6;"L";"1992-10-05";71;13,3333333333333
"611";"T.J. Oshie";72;162;19;36;55;"R";"1986-12-23";71;11,7283950617284
"612";"Tanner Glass";66;53;1;5;6;"L";"1983-11-29";73;1,88679245283019
"613";"Tanner Pearson";42;68;12;4;16;"L";"1992-08-10";73;17,6470588235294
"614";"Taylor Beck";62;78;8;8;16;"L";"1991-05-13";74;10,2564102564103
"615";"Taylor Hall";53;158;14;24;38;"L";"1991-11-14";73;8,86075949367089
"616";"Teddy Purcell";82;146;12;22;34;"R";"1985-09-08";74;8,21917808219178
"617";"Teemu Pulkkinen";31;67;5;3;8;"L";"1992-01-02";71;7,46268656716418
"618";"Teuvo Teravainen";34;66;4;5;9;"C";"1994-09-11";71;6,06060606060606
"619";"Thomas Hickey";81;82;2;20;22;"D";"1989-02-08";72;2,4390243902439
"620";"Thomas Vanek";80;171;21;31;52;"L";"1984-01-19";74;12,280701754386
"621";"Tim Erixon";42;36;2;5;7;"D";"1991-02-24";74;5,55555555555556
"622";"Tim Gleason";72;54;1;8;9;"D";"1983-01-29";72;1,85185185185185
"623";"Tim Jackman";55;55;5;2;7;"R";"1981-11-14";74;9,09090909090909
"624";"Tim Schaller";18;19;1;1;2;"C";"1990-11-16";74;5,26315789473684
"625";"TJ Brodie";81;133;11;30;41;"D";"1990-06-07";73;8,27067669172932
"626";"TJ Galiardi";38;35;1;0;1;"L";"1988-04-22";74;2,85714285714286
"627";"Tobias Rieder";72;189;13;8;21;"R";"1993-01-10";71;6,87830687830688
"628";"Toby Enstrom";60;58;4;19;23;"D";"1984-11-05";70;6,89655172413793
"629";"Tom Gilbert";72;70;4;8;12;"D";"1983-01-10";74;5,71428571428571
"630";"Tom Wilson";67;79;4;13;17;"R";"1994-03-29";76;5,06329113924051
"631";"Tomas Fleischmann";66;131;8;19;27;"L";"1984-05-16";73;6,10687022900763
"632";"Tomas Hertl";82;145;13;18;31;"C";"1993-11-12";74;8,96551724137931
"633";"Tomas Jurco";63;92;3;15;18;"R";"1992-12-28";73;3,26086956521739
"634";"Tomas Kopecky";64;106;2;6;8;"R";"1982-02-05";75;1,88679245283019
"635";"Tomas Plekanec";82;248;26;34;60;"C";"1982-10-31";71;10,4838709677419
"636";"Tomas Tatar";82;211;29;27;56;"L";"1990-12-01";70;13,7440758293839
"637";"Tommy Wingels";75;158;15;21;36;"C";"1988-04-12";72;9,49367088607595
"638";"Torey Krug";78;205;12;27;39;"D";"1991-04-12";69;5,85365853658537
"639";"Torrey Mitchell";65;55;6;8;14;"C";"1985-01-30";71;10,9090909090909
"640";"Travis Hamonic";71;132;5;28;33;"D";"1990-08-16";74;3,78787878787879
"641";"Travis Moen";44;34;3;6;9;"L";"1982-04-06";74;8,82352941176471
"642";"Travis Zajac";74;112;11;14;25;"C";"1985-05-13";74;9,82142857142857
"643";"Trevor Daley";68;113;16;22;38;"D";"1983-10-09";71;14,1592920353982
"644";"Trevor Lewis";73;143;9;16;25;"C";"1987-01-08";73;6,29370629370629
"645";"Trevor Smith";54;46;2;3;5;"C";"1985-02-08";73;4,34782608695652
"646";"Trevor van Riemsdyk";18;21;0;1;1;"D";"1991-07-24";74;0
"647";"Troy Brouwer";82;145;21;22;43;"R";"1985-08-17";75;14,4827586206897
"648";"Tuomo Ruutu";77;74;7;6;13;"L";"1983-02-16";72;9,45945945945946
"649";"Tye McGinn";51;60;2;5;7;"L";"1990-07-29";75;3,33333333333333
"650";"Tyler Bozak";82;154;23;26;49;"C";"1986-03-19";73;14,9350649350649
"651";"Tyler Ennis";78;185;20;26;46;"C";"1989-10-06";69;10,8108108108108
"652";"Tyler Johnson";77;203;29;43;72;"C";"1990-07-29";68;14,2857142857143
"653";"Tyler Kennedy";38;79;6;8;14;"C";"1986-07-15";71;7,59493670886076
"654";"Tyler Myers";71;124;7;21;28;"D";"1990-02-01";80;5,64516129032258
"655";"Tyler Pitlick";17;18;2;0;2;"R";"1991-11-01";72;11,1111111111111
"656";"Tyler Seguin";71;280;37;40;77;"C";"1992-01-31";73;13,2142857142857
"657";"Tyler Toffoli";76;200;23;26;49;"C";"1992-04-24";73;11,5
"658";"Tyson Barrie";80;139;12;41;53;"D";"1991-07-26";70;8,63309352517986
"659";"Tyson Strachan";46;38;0;5;5;"D";"1984-10-30";75;0
"660";"Valtteri Filppula";82;91;12;36;48;"C";"1984-03-20";72;13,1868131868132
"661";"Vernon Fiddler";80;132;13;16;29;"C";"1980-05-09";71;9,84848484848485
"662";"Victor Bartley";37;28;0;10;10;"D";"1988-02-17";72;0
"663";"Victor Hedman";59;115;10;28;38;"D";"1990-12-18";78;8,69565217391304
"664";"Victor Rask";80;172;11;22;33;"C";"1993-03-01";74;6,3953488372093
"665";"Viktor Stalberg";25;27;2;8;10;"L";"1986-01-17";75;7,40740740740741
"666";"Vincent Lecavalier";57;103;8;12;20;"C";"1980-04-21";76;7,76699029126214
"667";"Vincent Trocheck";50;89;7;15;22;"C";"1993-07-11";70;7,86516853932584
"668";"Vladimir Tarasenko";77;264;37;36;73;"R";"1991-12-13";72;14,0151515151515
"669";"Vladislav Namestnikov";43;46;9;7;16;"C";"1992-11-22";71;19,5652173913043
"670";"Wayne Simmonds";75;188;28;22;50;"R";"1988-08-26";74;14,8936170212766
"671";"William Karlsson";21;29;3;2;5;"C";"1993-01-08";73;10,3448275862069
"672";"Willie Mitchell";66;78;3;5;8;"D";"1977-04-23";75;3,84615384615385
"673";"Xavier Ouellet";21;27;2;1;3;"D";"1993-07-29";73;7,40740740740741
"674";"Yannick Weber";65;117;11;10;21;"D";"1988-09-23";71;9,4017094017094
"675";"Zac Dalpe";21;29;1;2;3;"C";"1989-11-01";73;3,44827586206897
"676";"Zac Rinaldo";58;45;1;5;6;"C";"1990-06-15";70;2,22222222222222
"677";"Zach Bogosian";62;125;3;17;20;"D";"1990-07-15";75;2,4
"678";"Zach Boychuk";31;35;3;3;6;"L";"1989-10-04";70;8,57142857142857
"679";"Zach Parise";74;259;33;29;62;"L";"1984-07-28";71;12,7413127413127
"680";"Zach Redmond";59;93;5;15;20;"D";"1988-07-26";74;5,37634408602151
"681";"Zach Sill";63;43;1;3;4;"C";"1988-05-24";72;2,32558139534884
"682";"Zach Trotman";27;46;1;4;5;"D";"1990-08-26";75;2,17391304347826
"683";"Zack Kassian";42;55;10;6;16;"R";"1991-01-24";75;18,1818181818182
"684";"Zack Smith";37;38;2;1;3;"C";"1988-04-05";74;5,26315789473684
"685";"Zbynek Michalek";68;86;4;8;12;"D";"1982-12-23";74;4,65116279069767
"686";"Zdeno Chara";63;138;8;12;20;"D";"1977-03-18";81;5,79710144927536
"687";"Zemgus Girgensons";61;115;15;15;30;"C";"1994-01-05";73;13,0434782608696
